label,sample_index,prediction,correct,ones_count,max_logit_q8_8
0,0,0,1,321,2764
0,1,0,1,315,3915
0,2,0,1,152,2156
0,3,0,1,294,1886
0,4,0,1,315,4267
0,5,5,0,172,1946
0,6,2,0,171,220
0,7,0,1,186,1691
0,8,0,1,328,3725
0,9,0,1,334,2633
0,10,0,1,296,3499
0,11,0,1,180,2050
0,12,0,1,203,3540
0,13,7,0,167,1164
0,14,0,1,230,4282
0,15,0,1,332,2771
0,16,0,1,182,3518
0,17,0,1,168,2357
0,18,0,1,185,2558
0,19,0,1,203,2716
0,20,0,1,147,1622
0,21,0,1,296,1084
0,22,0,1,316,3750
0,23,5,0,168,429
0,24,0,1,351,3752
0,25,0,1,363,4190
0,26,0,1,171,2607
0,27,0,1,191,4023
0,28,0,1,168,1897
0,29,0,1,205,3539
0,30,0,1,322,3089
0,31,0,1,218,2402
0,32,2,0,204,609
0,33,0,1,189,2243
0,34,0,1,175,2437
0,35,0,1,322,5200
0,36,0,1,342,3431
0,37,0,1,218,938
0,38,0,1,176,1173
0,39,0,1,168,4108
0,40,0,1,353,4356
0,41,0,1,326,4176
0,42,0,1,292,3226
0,43,0,1,187,2500
0,44,0,1,217,4086
0,45,0,1,212,2458
0,46,0,1,287,3477
0,47,0,1,275,2119
0,48,0,1,157,1786
0,49,0,1,357,3741
0,50,0,1,153,2645
0,51,0,1,301,390
0,52,0,1,200,1119
0,53,0,1,298,4511
0,54,0,1,328,5457
0,55,0,1,176,2078
0,56,0,1,154,3189
0,57,0,1,270,3330
0,58,5,0,175,546
0,59,0,1,296,4636
0,60,0,1,195,4591
0,61,0,1,285,3774
0,62,0,1,174,1941
0,63,0,1,312,3608
0,64,0,1,368,6483
0,65,0,1,190,4338
0,66,0,1,307,4803
0,67,0,1,164,1269
0,68,0,1,324,3560
0,69,0,1,188,3561
0,70,0,1,182,4328
0,71,0,1,166,1101
0,72,0,1,192,4551
0,73,0,1,161,1963
0,74,0,1,242,2661
0,75,0,1,147,2289
0,76,0,1,274,1471
0,77,0,1,147,2125
0,78,0,1,197,2616
0,79,0,1,333,3847
0,80,0,1,175,1563
0,81,3,0,208,2836
0,82,0,1,168,2992
0,83,3,0,166,2117
0,84,0,1,345,4293
0,85,0,1,193,3368
0,86,0,1,314,1458
0,87,0,1,341,4022
0,88,0,1,312,3271
0,89,2,0,188,629
0,90,0,1,207,1705
0,91,0,1,173,1997
0,92,0,1,158,1586
0,93,0,1,188,3241
0,94,0,1,300,3650
0,95,0,1,194,1618
0,96,0,1,342,2469
0,97,0,1,197,3791
0,98,3,0,177,1512
0,99,0,1,218,2158
0,100,0,1,312,1632
0,101,0,1,305,1382
0,102,0,1,285,3394
0,103,0,1,318,5146
0,104,0,1,180,1684
0,105,0,1,297,4455
0,106,0,1,310,3292
0,107,0,1,291,2699
0,108,0,1,174,2737
0,109,0,1,177,3040
0,110,0,1,167,2135
0,111,5,0,177,1236
0,112,0,1,220,3958
0,113,0,1,200,2622
0,114,0,1,165,3618
0,115,0,1,185,4324
0,116,0,1,178,2024
0,117,0,1,201,5518
0,118,0,1,325,5014
0,119,0,1,266,2797
1,0,5,0,200,2556
1,1,5,0,106,897
1,2,3,0,178,1531
1,3,6,0,155,2111
1,4,1,1,156,1196
1,5,1,1,156,2336
1,6,2,0,96,698
1,7,2,0,97,1152
1,8,3,0,164,1161
1,9,2,0,174,550
1,10,3,0,103,373
1,11,1,1,108,1096
1,12,1,1,111,2403
1,13,1,1,117,2419
1,14,6,0,194,1457
1,15,3,0,94,699
1,16,1,1,132,2299
1,17,3,0,94,139
1,18,6,0,189,970
1,19,3,0,109,-105
1,20,2,0,178,848
1,21,1,1,83,1163
1,22,6,0,134,5370
1,23,1,1,92,2495
1,24,1,1,101,3303
1,25,3,0,99,1130
1,26,1,1,63,1353
1,27,1,1,168,2207
1,28,1,1,99,1593
1,29,1,1,157,1965
1,30,1,1,113,2391
1,31,3,0,195,1433
1,32,2,0,187,2138
1,33,1,1,79,1515
1,34,3,0,178,2688
1,35,1,1,196,116
1,36,1,1,176,1056
1,37,3,0,213,2404
1,38,1,1,96,887
1,39,1,1,129,1458
1,40,1,1,48,35
1,41,2,0,141,1483
1,42,3,0,184,821
1,43,1,1,101,815
1,44,6,0,100,567
1,45,8,0,98,-26
1,46,2,0,127,2066
1,47,1,1,190,2316
1,48,6,0,212,812
1,49,6,0,103,862
1,50,1,1,95,1673
1,51,2,0,153,359
1,52,2,0,98,635
1,53,1,1,185,-231
1,54,1,1,122,1000
1,55,2,0,196,933
1,56,2,0,89,198
1,57,6,0,91,2239
1,58,3,0,109,1488
1,59,1,1,94,1165
1,60,1,1,76,594
1,61,6,0,120,1514
1,62,1,1,117,2724
1,63,1,1,88,568
1,64,1,1,74,884
1,65,3,0,187,1173
1,66,1,1,101,1266
1,67,9,0,93,12
1,68,2,0,172,2038
1,69,1,1,147,1842
1,70,3,0,160,808
1,71,1,1,100,411
1,72,3,0,104,1422
1,73,2,0,61,787
1,74,3,0,155,1368
1,75,5,0,107,474
1,76,7,0,102,1873
1,77,1,1,175,262
1,78,2,0,117,2232
1,79,3,0,48,-68
1,80,1,1,90,957
1,81,2,0,99,1326
1,82,2,0,166,1942
1,83,3,0,61,1135
1,84,1,1,69,692
1,85,3,0,139,421
1,86,0,0,96,2106
1,87,3,0,108,991
1,88,6,0,173,988
1,89,1,1,172,3128
1,90,2,0,98,147
1,91,1,1,186,1387
1,92,2,0,180,754
1,93,2,0,115,2839
1,94,2,0,108,1107
1,95,3,0,110,106
1,96,1,1,172,1559
1,97,1,1,176,672
1,98,6,0,159,370
1,99,3,0,83,462
1,100,3,0,193,685
1,101,3,0,76,1069
1,102,2,0,121,496
1,103,2,0,96,672
1,104,3,0,161,508
1,105,3,0,108,1215
1,106,3,0,100,256
1,107,6,0,86,555
1,108,1,1,151,3425
1,109,1,1,107,2751
1,110,6,0,174,224
1,111,1,1,108,744
1,112,1,1,160,1803
1,113,2,0,109,1834
1,114,3,0,127,543
1,115,2,0,108,570
1,116,1,1,107,1841
1,117,3,0,83,470
1,118,5,0,189,905
1,119,1,1,205,1114
2,0,2,1,193,4122
2,1,2,1,298,2935
2,2,7,0,271,3621
2,3,2,1,303,2642
2,4,2,1,311,3168
2,5,2,1,211,2495
2,6,3,0,280,3365
2,7,2,1,183,4055
2,8,3,0,256,4240
2,9,5,0,365,1872
2,10,3,0,180,2536
2,11,3,0,174,1427
2,12,2,1,319,3514
2,13,2,1,295,4536
2,14,3,0,168,1179
2,15,2,1,135,2590
2,16,5,0,190,1793
2,17,5,0,173,2540
2,18,3,0,167,1716
2,19,6,0,121,2107
2,20,2,1,191,2689
2,21,2,1,286,2251
2,22,2,1,314,6176
2,23,2,1,265,3985
2,24,7,0,155,3911
2,25,2,1,339,4679
2,26,7,0,319,2188
2,27,2,1,324,2398
2,28,7,0,315,2537
2,29,2,1,168,2849
2,30,5,0,357,1062
2,31,2,1,158,1736
2,32,2,1,213,4286
2,33,5,0,189,969
2,34,5,0,166,2713
2,35,2,1,184,1985
2,36,3,0,168,1194
2,37,3,0,174,2540
2,38,2,1,189,1694
2,39,3,0,167,2970
2,40,2,1,187,4446
2,41,2,1,176,2476
2,42,2,1,336,5544
2,43,2,1,189,2292
2,44,2,1,331,4946
2,45,7,0,295,2911
2,46,2,1,315,6460
2,47,2,1,339,3758
2,48,7,0,327,2669
2,49,2,1,333,4518
2,50,2,1,313,3683
2,51,5,0,308,1081
2,52,7,0,142,3325
2,53,2,1,194,239
2,54,2,1,271,3193
2,55,2,1,161,2035
2,56,3,0,173,1959
2,57,2,1,327,7287
2,58,2,1,189,913
2,59,2,1,271,5984
2,60,7,0,270,3074
2,61,2,1,189,4744
2,62,5,0,278,2973
2,63,2,1,185,763
2,64,7,0,257,2610
2,65,2,1,297,1508
2,66,5,0,335,2301
2,67,2,1,284,3047
2,68,3,0,146,2764
2,69,2,1,165,4496
2,70,2,1,175,3542
2,71,2,1,183,1512
2,72,2,1,308,3178
2,73,2,1,304,3253
2,74,7,0,189,3199
2,75,2,1,311,3267
2,76,2,1,300,3219
2,77,7,0,304,2782
2,78,3,0,249,1918
2,79,2,1,180,3417
2,80,2,1,199,179
2,81,2,1,310,3241
2,82,2,1,154,2999
2,83,7,0,349,4825
2,84,2,1,181,2022
2,85,2,1,308,2474
2,86,2,1,281,3658
2,87,2,1,367,6674
2,88,8,0,175,1071
2,89,7,0,287,4506
2,90,3,0,280,2428
2,91,2,1,173,2507
2,92,2,1,173,3435
2,93,2,1,299,1977
2,94,2,1,201,2391
2,95,2,1,301,4763
2,96,2,1,171,2520
2,97,2,1,293,1638
2,98,2,1,181,2043
2,99,5,0,156,40
2,100,2,1,330,1833
2,101,2,1,285,3136
2,102,2,1,151,4616
2,103,8,0,77,575
2,104,6,0,307,789
2,105,2,1,169,3695
2,106,3,0,260,2091
2,107,2,1,191,3091
2,108,2,1,293,2597
2,109,3,0,174,1491
2,110,3,0,173,2026
2,111,2,1,198,3588
2,112,2,1,279,2150
2,113,7,0,130,2791
2,114,3,0,222,2320
2,115,2,1,324,3692
2,116,2,1,315,3307
2,117,2,1,303,4752
2,118,2,1,296,820
2,119,2,1,330,685
3,0,2,0,256,3029
3,1,3,1,182,1585
3,2,2,0,166,1198
3,3,2,0,305,2217
3,4,3,1,179,2952
3,5,2,0,148,2044
3,6,2,0,180,1203
3,7,8,0,170,1486
3,8,2,0,152,1367
3,9,7,0,160,2424
3,10,3,1,303,2080
3,11,2,0,178,480
3,12,5,0,220,1526
3,13,7,0,160,1601
3,14,2,0,272,2330
3,15,3,1,156,1141
3,16,3,1,178,4547
3,17,3,1,320,2574
3,18,3,1,142,1944
3,19,5,0,298,3513
3,20,5,0,160,745
3,21,3,1,187,1626
3,22,3,1,292,2627
3,23,2,0,315,2073
3,24,2,0,268,1347
3,25,5,0,162,4606
3,26,2,0,323,3856
3,27,2,0,258,2651
3,28,3,1,309,3953
3,29,0,0,146,783
3,30,2,0,284,2649
3,31,3,1,159,2516
3,32,2,0,157,2574
3,33,5,0,335,1568
3,34,3,1,275,2905
3,35,3,1,307,3230
3,36,3,1,303,2656
3,37,5,0,147,1652
3,38,3,1,322,4406
3,39,2,0,169,2497
3,40,5,0,233,1829
3,41,2,0,289,3377
3,42,3,1,182,1643
3,43,5,0,277,3576
3,44,2,0,245,3186
3,45,2,0,188,2462
3,46,2,0,153,3777
3,47,5,0,295,1613
3,48,5,0,163,1488
3,49,5,0,194,2108
3,50,3,1,170,1463
3,51,3,1,129,1255
3,52,2,0,329,2576
3,53,3,1,158,2451
3,54,6,0,306,2794
3,55,2,0,145,628
3,56,3,1,285,2964
3,57,2,0,335,2671
3,58,5,0,177,1581
3,59,3,1,145,2080
3,60,2,0,266,3453
3,61,3,1,152,2655
3,62,3,1,186,2262
3,63,5,0,150,1885
3,64,3,1,158,1792
3,65,5,0,147,2008
3,66,3,1,299,3619
3,67,2,0,147,2589
3,68,5,0,159,2646
3,69,2,0,298,1741
3,70,3,1,181,3908
3,71,4,0,150,370
3,72,5,0,300,2807
3,73,3,1,272,1568
3,74,3,1,115,299
3,75,3,1,170,2673
3,76,3,1,168,2379
3,77,3,1,287,1946
3,78,5,0,256,2736
3,79,5,0,281,760
3,80,3,1,160,1602
3,81,5,0,285,1324
3,82,5,0,186,1022
3,83,3,1,172,3661
3,84,5,0,156,2531
3,85,2,0,271,2535
3,86,3,1,304,2806
3,87,5,0,183,2102
3,88,3,1,282,1787
3,89,2,0,285,3339
3,90,3,1,171,1816
3,91,0,0,312,2158
3,92,3,1,181,3307
3,93,3,1,179,4244
3,94,3,1,159,2988
3,95,2,0,298,1677
3,96,3,1,295,1850
3,97,2,0,155,1721
3,98,2,0,232,2901
3,99,3,1,149,3195
3,100,5,0,324,2444
3,101,3,1,135,2740
3,102,0,0,301,1873
3,103,2,0,292,2385
3,104,0,0,249,2427
3,105,2,0,248,2381
3,106,5,0,170,1573
3,107,2,0,236,2507
3,108,3,1,284,1100
3,109,3,1,310,581
3,110,5,0,247,2855
3,111,3,1,235,3194
3,112,3,1,291,2248
3,113,5,0,174,2182
3,114,5,0,316,2958
3,115,5,0,165,1612
3,116,2,0,285,3993
3,117,3,1,296,2926
3,118,3,1,171,783
3,119,2,0,182,1627
4,0,2,0,158,2037
4,1,6,0,268,1360
4,2,4,1,98,668
4,3,1,0,147,796
4,4,7,0,136,2340
4,5,6,0,137,945
4,6,6,0,111,3470
4,7,1,0,185,2594
4,8,4,1,153,926
4,9,4,1,251,1980
4,10,7,0,255,3150
4,11,7,0,211,3259
4,12,2,0,287,1021
4,13,4,1,158,1642
4,14,2,0,230,798
4,15,7,0,151,1183
4,16,9,0,158,2022
4,17,0,0,237,892
4,18,2,0,215,1074
4,19,5,0,51,543
4,20,4,1,248,1192
4,21,7,0,242,1913
4,22,9,0,268,654
4,23,4,1,148,2050
4,24,2,0,217,1808
4,25,4,1,174,583
4,26,7,0,159,1510
4,27,7,0,267,1992
4,28,4,1,287,2271
4,29,7,0,143,990
4,30,2,0,155,1478
4,31,7,0,157,2539
4,32,9,0,215,826
4,33,7,0,151,995
4,34,4,1,250,2127
4,35,4,1,133,822
4,36,4,1,151,1321
4,37,2,0,278,1072
4,38,2,0,179,1339
4,39,2,0,233,1473
4,40,7,0,112,1497
4,41,6,0,246,1209
4,42,7,0,168,2010
4,43,6,0,174,1433
4,44,4,1,204,1462
4,45,9,0,251,1568
4,46,2,0,276,1325
4,47,9,0,271,392
4,48,6,0,217,2102
4,49,7,0,249,2543
4,50,6,0,239,2143
4,51,4,1,119,347
4,52,3,0,170,988
4,53,7,0,133,1757
4,54,4,1,191,732
4,55,7,0,145,816
4,56,7,0,265,1457
4,57,1,0,173,1465
4,58,7,0,219,169
4,59,2,0,119,1742
4,60,7,0,221,1140
4,61,7,0,174,1159
4,62,2,0,226,530
4,63,2,0,269,1672
4,64,7,0,271,3032
4,65,4,1,146,2317
4,66,2,0,122,2836
4,67,7,0,154,1700
4,68,9,0,151,186
4,69,6,0,151,1475
4,70,4,1,146,2862
4,71,7,0,287,2235
4,72,5,0,153,996
4,73,2,0,148,2464
4,74,4,1,242,1895
4,75,7,0,156,3221
4,76,7,0,236,2186
4,77,3,0,244,541
4,78,2,0,256,1220
4,79,4,1,212,1518
4,80,7,0,253,3982
4,81,4,1,243,1417
4,82,3,0,146,1032
4,83,4,1,251,1641
4,84,7,0,146,2180
4,85,6,0,273,1694
4,86,7,0,164,1400
4,87,1,0,155,1901
4,88,9,0,230,1212
4,89,2,0,156,1194
4,90,7,0,160,1562
4,91,7,0,102,1812
4,92,5,0,167,764
4,93,2,0,157,969
4,94,2,0,153,1085
4,95,4,1,281,549
4,96,7,0,255,1162
4,97,2,0,160,876
4,98,4,1,144,2272
4,99,4,1,183,1323
4,100,4,1,147,782
4,101,7,0,130,2796
4,102,4,1,230,1013
4,103,7,0,228,2244
4,104,4,1,245,1294
4,105,5,0,145,1003
4,106,7,0,216,782
4,107,7,0,118,2356
4,108,7,0,160,1681
4,109,7,0,286,1754
4,110,9,0,168,1017
4,111,7,0,145,2068
4,112,4,1,156,927
4,113,2,0,157,1125
4,114,7,0,236,2143
4,115,2,0,131,431
4,116,2,0,274,1546
4,117,4,1,229,1202
4,118,7,0,173,1597
4,119,5,0,103,988
5,0,3,0,266,2131
5,1,5,1,162,1599
5,2,2,0,239,624
5,3,5,1,334,3054
5,4,5,1,286,4070
5,5,7,0,301,1255
5,6,5,1,326,2257
5,7,5,1,181,2440
5,8,0,0,328,895
5,9,3,0,332,3031
5,10,5,1,167,2165
5,11,3,0,343,2939
5,12,2,0,204,1066
5,13,8,0,356,983
5,14,3,0,227,2234
5,15,3,0,334,2998
5,16,5,1,309,1569
5,17,0,0,197,690
5,18,5,1,145,2154
5,19,5,1,187,975
5,20,5,1,201,3309
5,21,2,0,177,422
5,22,3,0,154,1212
5,23,2,0,358,2270
5,24,2,0,185,1741
5,25,5,1,158,2658
5,26,5,1,164,688
5,27,5,1,334,1570
5,28,7,0,275,888
5,29,5,1,262,5794
5,30,6,0,337,529
5,31,5,1,157,2695
5,32,5,1,176,1123
5,33,5,1,172,6248
5,34,5,1,327,2799
5,35,5,1,195,1130
5,36,5,1,170,1469
5,37,2,0,270,1387
5,38,5,1,178,1229
5,39,5,1,197,2801
5,40,5,1,182,1199
5,41,5,1,210,1934
5,42,3,0,275,1572
5,43,5,1,353,4564
5,44,3,0,310,1829
5,45,5,1,309,2546
5,46,3,0,184,1459
5,47,3,0,291,776
5,48,5,1,166,743
5,49,5,1,190,2301
5,50,0,0,290,994
5,51,3,0,174,3136
5,52,3,0,156,1449
5,53,0,0,212,1515
5,54,5,1,288,4303
5,55,3,0,305,2168
5,56,5,1,333,1396
5,57,3,0,281,2069
5,58,5,1,264,506
5,59,5,1,292,2951
5,60,0,0,320,2260
5,61,0,0,219,886
5,62,5,1,174,621
5,63,5,1,309,3697
5,64,3,0,187,742
5,65,3,0,141,1359
5,66,3,0,357,3560
5,67,3,0,163,1027
5,68,5,1,177,2659
5,69,3,0,304,913
5,70,5,1,331,4066
5,71,7,0,305,875
5,72,5,1,168,2131
5,73,3,0,152,1417
5,74,3,0,223,988
5,75,5,1,177,2187
5,76,3,0,201,3438
5,77,2,0,203,618
5,78,5,1,173,6093
5,79,5,1,231,3324
5,80,0,0,285,1371
5,81,5,1,310,4100
5,82,3,0,342,3541
5,83,3,0,228,1788
5,84,5,1,277,785
5,85,5,1,186,1353
5,86,3,0,281,1546
5,87,9,0,170,1471
5,88,3,0,287,644
5,89,5,1,199,2419
5,90,3,0,314,1861
5,91,0,0,306,1411
5,92,5,1,316,4717
5,93,5,1,159,1854
5,94,5,1,288,505
5,95,5,1,200,1937
5,96,2,0,194,1523
5,97,5,1,280,2500
5,98,5,1,166,1360
5,99,3,0,301,2233
5,100,5,1,185,1312
5,101,5,1,282,1414
5,102,5,1,318,2670
5,103,3,0,340,1793
5,104,1,0,310,954
5,105,5,1,279,4072
5,106,8,0,321,1035
5,107,5,1,171,3296
5,108,5,1,298,1570
5,109,3,0,335,1934
5,110,5,1,180,3295
5,111,5,1,361,4011
5,112,2,0,135,1080
5,113,5,1,195,2883
5,114,5,1,243,1447
5,115,3,0,365,2417
5,116,3,0,251,1205
5,117,5,1,299,2303
5,118,5,1,174,4286
5,119,5,1,182,3341
6,0,4,0,200,1279
6,1,0,0,339,1544
6,2,5,0,186,1051
6,3,5,0,251,535
6,4,0,0,317,1490
6,5,5,0,297,1053
6,6,0,0,158,1328
6,7,3,0,321,449
6,8,0,0,200,3073
6,9,0,0,329,1604
6,10,3,0,178,775
6,11,5,0,176,729
6,12,9,0,184,793
6,13,5,0,193,1077
6,14,0,0,179,332
6,15,8,0,190,1883
6,16,0,0,191,1218
6,17,5,0,214,713
6,18,5,0,267,635
6,19,2,0,324,114
6,20,0,0,200,3124
6,21,6,1,186,2396
6,22,0,0,240,1817
6,23,8,0,257,971
6,24,4,0,165,297
6,25,0,0,262,392
6,26,0,0,387,1380
6,27,0,0,193,1136
6,28,0,0,373,2671
6,29,5,0,272,1364
6,30,5,0,249,1451
6,31,0,0,228,2187
6,32,0,0,213,1439
6,33,0,0,342,1435
6,34,3,0,311,552
6,35,5,0,285,1719
6,36,0,0,173,1003
6,37,6,1,206,1934
6,38,4,0,173,902
6,39,0,0,215,2237
6,40,8,0,279,580
6,41,0,0,345,2644
6,42,5,0,315,847
6,43,6,1,300,1242
6,44,6,1,194,822
6,45,0,0,306,1722
6,46,0,0,298,685
6,47,5,0,313,2577
6,48,0,0,177,3876
6,49,5,0,162,1371
6,50,0,0,314,1526
6,51,2,0,167,963
6,52,0,0,217,1361
6,53,5,0,188,1124
6,54,8,0,203,323
6,55,5,0,310,1598
6,56,2,0,363,660
6,57,0,0,273,1917
6,58,0,0,341,1533
6,59,0,0,298,645
6,60,0,0,166,1702
6,61,0,0,178,1011
6,62,0,0,279,626
6,63,0,0,356,3361
6,64,0,0,158,1300
6,65,3,0,216,330
6,66,5,0,312,1397
6,67,0,0,310,2241
6,68,5,0,204,1153
6,69,0,0,339,1053
6,70,0,0,221,1613
6,71,0,0,222,988
6,72,5,0,186,1713
6,73,3,0,215,1556
6,74,2,0,130,434
6,75,0,0,284,551
6,76,6,1,200,2389
6,77,0,0,160,2650
6,78,0,0,325,1954
6,79,0,0,205,2515
6,80,0,0,251,1534
6,81,8,0,174,549
6,82,0,0,337,1423
6,83,5,0,164,1372
6,84,8,0,315,816
6,85,0,0,306,1654
6,86,5,0,177,971
6,87,0,0,189,231
6,88,0,0,328,2301
6,89,5,0,166,1175
6,90,0,0,199,1019
6,91,6,1,159,504
6,92,0,0,334,1708
6,93,0,0,211,1246
6,94,0,0,308,1705
6,95,5,0,159,287
6,96,0,0,199,958
6,97,0,0,394,1710
6,98,8,0,192,1328
6,99,0,0,354,1676
6,100,0,0,351,2121
6,101,3,0,314,1061
6,102,0,0,186,586
6,103,0,0,217,2642
6,104,9,0,316,564
6,105,6,1,191,1317
6,106,0,0,357,1198
6,107,5,0,318,399
6,108,0,0,231,1368
6,109,0,0,264,662
6,110,5,0,210,585
6,111,0,0,363,1498
6,112,0,0,335,3006
6,113,5,0,198,1710
6,114,0,0,263,2154
6,115,0,0,322,1196
6,116,0,0,197,338
6,117,0,0,359,2397
6,118,3,0,204,1449
6,119,0,0,215,2276
7,0,7,1,205,2591
7,1,7,1,146,3541
7,2,7,1,131,2782
7,3,7,1,139,3550
7,4,1,0,121,1138
7,5,7,1,115,2279
7,6,7,1,242,4625
7,7,7,1,129,2865
7,8,7,1,150,2550
7,9,8,0,114,756
7,10,7,1,130,2014
7,11,7,1,205,5023
7,12,7,1,122,2925
7,13,7,1,130,4996
7,14,7,1,246,4445
7,15,7,1,221,6096
7,16,7,1,232,3778
7,17,7,1,235,5443
7,18,7,1,242,1055
7,19,7,1,130,3685
7,20,1,0,171,2158
7,21,7,1,152,3274
7,22,7,1,129,1951
7,23,7,1,236,3662
7,24,7,1,249,3095
7,25,7,1,127,3772
7,26,1,0,150,2697
7,27,7,1,243,2504
7,28,7,1,207,3048
7,29,7,1,126,2933
7,30,7,1,201,2540
7,31,7,1,233,4242
7,32,7,1,131,1679
7,33,2,0,128,470
7,34,1,0,146,665
7,35,2,0,141,711
7,36,7,1,266,6572
7,37,8,0,179,1900
7,38,7,1,130,3521
7,39,7,1,132,3632
7,40,7,1,127,2433
7,41,1,0,79,72
7,42,7,1,71,1881
7,43,7,1,137,2293
7,44,7,1,198,1988
7,45,7,1,223,2849
7,46,7,1,132,1637
7,47,7,1,221,5636
7,48,7,1,134,2892
7,49,7,1,124,2120
7,50,2,0,140,1621
7,51,7,1,129,4602
7,52,7,1,226,4017
7,53,2,0,202,2036
7,54,7,1,106,1177
7,55,7,1,294,7250
7,56,7,1,274,5174
7,57,7,1,185,2536
7,58,7,1,127,3452
7,59,7,1,145,6060
7,60,7,1,126,3036
7,61,1,0,144,3853
7,62,7,1,126,4828
7,63,7,1,217,2272
7,64,7,1,241,4764
7,65,9,0,61,1691
7,66,7,1,127,3601
7,67,7,1,234,4347
7,68,7,1,136,3901
7,69,9,0,134,1982
7,70,7,1,123,3633
7,71,7,1,203,3742
7,72,7,1,129,676
7,73,7,1,221,4177
7,74,7,1,255,4952
7,75,7,1,178,2988
7,76,7,1,131,2159
7,77,7,1,244,6766
7,78,7,1,111,4908
7,79,7,1,161,2530
7,80,7,1,107,2666
7,81,8,0,131,638
7,82,1,0,82,2171
7,83,1,0,94,3193
7,84,7,1,133,4948
7,85,7,1,197,5685
7,86,9,0,103,2284
7,87,7,1,205,5229
7,88,7,1,284,5321
7,89,7,1,104,2899
7,90,7,1,243,5062
7,91,7,1,131,1839
7,92,7,1,244,6571
7,93,7,1,51,833
7,94,7,1,218,4807
7,95,7,1,117,1283
7,96,7,1,221,4003
7,97,7,1,130,4391
7,98,7,1,134,3813
7,99,7,1,138,2258
7,100,7,1,138,1647
7,101,5,0,76,2506
7,102,7,1,119,3417
7,103,8,0,187,2100
7,104,7,1,68,2135
7,105,7,1,114,2893
7,106,7,1,226,2063
7,107,7,1,172,3858
7,108,7,1,140,4847
7,109,7,1,107,3425
7,110,4,0,135,1242
7,111,7,1,136,3904
7,112,7,1,111,1025
7,113,7,1,251,6629
7,114,1,0,130,2418
7,115,7,1,234,3498
7,116,7,1,267,2519
7,117,1,0,63,2519
7,118,7,1,261,4539
7,119,7,1,190,3624
8,0,0,0,300,1986
8,1,3,0,185,1511
8,2,9,0,182,1111
8,3,3,0,212,529
8,4,8,1,231,2234
8,5,2,0,246,617
8,6,0,0,267,1068
8,7,3,0,302,1067
8,8,5,0,232,933
8,9,0,0,295,55
8,10,2,0,332,449
8,11,3,0,292,332
8,12,9,0,221,1015
8,13,3,0,382,2198
8,14,8,1,233,592
8,15,5,0,347,775
8,16,0,0,175,1616
8,17,9,0,277,1156
8,18,8,1,288,628
8,19,3,0,187,1068
8,20,2,0,229,889
8,21,0,0,338,2219
8,22,3,0,286,1449
8,23,8,1,282,848
8,24,3,0,328,835
8,25,8,1,205,1285
8,26,3,0,275,492
8,27,3,0,211,771
8,28,8,1,186,1122
8,29,5,0,190,404
8,30,8,1,203,443
8,31,3,0,224,668
8,32,8,1,220,1057
8,33,0,0,194,1282
8,34,1,0,165,1235
8,35,2,0,231,1151
8,36,6,0,197,999
8,37,5,0,210,1451
8,38,0,0,305,1301
8,39,9,0,312,1461
8,40,3,0,378,1248
8,41,0,0,209,1169
8,42,3,0,346,1846
8,43,3,0,227,871
8,44,2,0,140,504
8,45,3,0,201,825
8,46,0,0,325,889
8,47,0,0,298,1991
8,48,8,1,195,874
8,49,8,1,270,927
8,50,3,0,223,1720
8,51,5,0,185,536
8,52,3,0,178,818
8,53,3,0,305,168
8,54,3,0,156,640
8,55,0,0,235,1801
8,56,3,0,197,859
8,57,0,0,188,757
8,58,8,1,307,1164
8,59,0,0,194,891
8,60,9,0,204,999
8,61,5,0,331,1438
8,62,3,0,344,452
8,63,8,1,320,1266
8,64,3,0,234,1024
8,65,2,0,322,830
8,66,8,1,193,1194
8,67,5,0,209,617
8,68,0,0,191,1870
8,69,2,0,207,333
8,70,2,0,191,300
8,71,5,0,331,707
8,72,6,0,193,452
8,73,8,1,225,1409
8,74,0,0,211,715
8,75,9,0,205,613
8,76,2,0,191,593
8,77,0,0,233,1510
8,78,1,0,176,1252
8,79,2,0,335,371
8,80,3,0,188,-92
8,81,0,0,272,976
8,82,8,1,310,736
8,83,1,0,249,258
8,84,3,0,212,583
8,85,8,1,177,484
8,86,9,0,163,1015
8,87,3,0,199,1475
8,88,0,0,188,1680
8,89,8,1,306,820
8,90,0,0,266,1181
8,91,0,0,239,1490
8,92,2,0,327,588
8,93,2,0,202,966
8,94,8,1,216,681
8,95,0,0,268,791
8,96,6,0,175,1541
8,97,3,0,178,1022
8,98,3,0,228,879
8,99,2,0,276,760
8,100,0,0,173,566
8,101,0,0,241,528
8,102,7,0,190,1542
8,103,7,0,208,1951
8,104,8,1,251,505
8,105,8,1,191,2061
8,106,6,0,343,407
8,107,8,1,325,1176
8,108,5,0,272,1330
8,109,0,0,303,2723
8,110,2,0,160,1527
8,111,4,0,287,1446
8,112,3,0,351,957
8,113,9,0,168,856
8,114,5,0,297,217
8,115,8,1,296,486
8,116,8,1,323,444
8,117,3,0,211,499
8,118,5,0,191,1022
8,119,3,0,360,1086
9,0,7,0,151,1740
9,1,9,1,126,2234
9,2,7,0,229,1449
9,3,7,0,127,1363
9,4,7,0,273,1318
9,5,9,1,235,2075
9,6,3,0,156,1768
9,7,2,0,122,866
9,8,9,1,142,1233
9,9,9,1,182,1454
9,10,9,1,153,1814
9,11,9,1,150,1724
9,12,9,1,217,1765
9,13,9,1,228,1919
9,14,9,1,255,1068
9,15,5,0,162,118
9,16,9,1,228,2153
9,17,9,1,122,1667
9,18,7,0,125,1924
9,19,9,1,273,3596
9,20,9,1,253,1688
9,21,9,1,161,2988
9,22,7,0,209,3393
9,23,9,1,242,1246
9,24,9,1,206,863
9,25,8,0,251,1195
9,26,4,0,210,1684
9,27,9,1,132,2370
9,28,9,1,258,1386
9,29,9,1,102,963
9,30,4,0,158,439
9,31,0,0,127,187
9,32,9,1,129,1630
9,33,8,0,236,328
9,34,9,1,250,550
9,35,9,1,171,2341
9,36,8,0,209,447
9,37,9,1,163,1502
9,38,9,1,239,979
9,39,9,1,138,1563
9,40,7,0,151,2369
9,41,7,0,172,686
9,42,9,1,154,594
9,43,9,1,157,1767
9,44,9,1,235,1886
9,45,9,1,219,970
9,46,7,0,281,2551
9,47,1,0,164,1072
9,48,9,1,278,1704
9,49,9,1,146,1060
9,50,9,1,245,1369
9,51,7,0,152,1403
9,52,8,0,149,1750
9,53,8,0,247,1024
9,54,9,1,161,879
9,55,7,0,234,1258
9,56,9,1,133,720
9,57,7,0,224,1398
9,58,9,1,162,2006
9,59,1,0,129,706
9,60,9,1,261,1888
9,61,9,1,112,2570
9,62,9,1,170,1603
9,63,9,1,258,1347
9,64,7,0,237,2018
9,65,9,1,140,713
9,66,7,0,154,2318
9,67,7,0,132,605
9,68,8,0,261,791
9,69,9,1,193,1324
9,70,5,0,160,709
9,71,9,1,241,1934
9,72,9,1,155,1562
9,73,9,1,237,2320
9,74,9,1,192,1437
9,75,7,0,238,3063
9,76,9,1,222,1045
9,77,9,1,125,1398
9,78,0,0,122,1034
9,79,3,0,234,1434
9,80,9,1,152,528
9,81,3,0,206,1773
9,82,7,0,220,1940
9,83,3,0,142,957
9,84,7,0,240,2513
9,85,9,1,141,2556
9,86,7,0,265,1957
9,87,9,1,227,2034
9,88,9,1,145,1364
9,89,7,0,241,1965
9,90,9,1,128,1623
9,91,9,1,141,683
9,92,9,1,165,3685
9,93,9,1,291,1497
9,94,9,1,154,873
9,95,7,0,145,1864
9,96,4,0,129,32
9,97,3,0,160,959
9,98,9,1,235,780
9,99,9,1,157,1071
9,100,4,0,176,1158
9,101,8,0,208,598
9,102,3,0,156,1702
9,103,4,0,154,2294
9,104,9,1,213,889
9,105,9,1,142,1280
9,106,9,1,216,1982
9,107,8,0,221,308
9,108,9,1,248,1433
9,109,9,1,214,1469
9,110,9,1,144,1290
9,111,7,0,168,3991
9,112,0,0,180,736
9,113,9,1,267,2930
9,114,8,0,240,131
9,115,9,1,239,1454
9,116,7,0,212,1396
9,117,9,1,200,1718
9,118,0,0,231,378
9,119,9,1,148,1435
